"","x"
"1","RUNNING
BY JOE MARTIN ON TODAY @ 7:57 AM"
"2","RUNNING
BY JOE MARTIN ON THURSDAY @ 5:26 PM"
"3","RUNNING
BY JOE MARTIN ON WEDNESDAY @ 6:36 AM"
"4","RUNNING
BY JOE MARTIN ON TUESDAY @ 6:25 AM"
"5","RUNNING
BY JOE MARTIN ON SUNDAY @ 7:45 AM"
"6","RUNNING
BY JOE MARTIN ON OCTOBER 16, 2021 @ 7:17 AM"
"7","RUNNING
BY JOE MARTIN ON OCTOBER 14, 2021 @ 5:51 AM"
"8","RUNNING
BY JOE MARTIN ON OCTOBER 13, 2021 @ 6:32 AM"
"9","RUNNING
BY JOE MARTIN ON OCTOBER 12, 2021 @ 6:35 AM"
"10","RUNNING
BY JOE MARTIN ON OCTOBER 10, 2021 @ 7:05 AM"
"11","RUNNING
BY JOE MARTIN ON OCTOBER 9, 2021 @ 7:18 AM"
"12","RUNNING
BY JOE MARTIN ON OCTOBER 8, 2021 @ 7:04 AM"
"13","RUNNING
BY JOE MARTIN ON OCTOBER 7, 2021 @ 5:41 PM"
"14","RUNNING
BY JOE MARTIN ON OCTOBER 6, 2021 @ 5:48 AM"
"15","RUNNING
BY JOE MARTIN ON OCTOBER 5, 2021 @ 5:05 PM"
"16","RUNNING
BY JOE MARTIN ON OCTOBER 3, 2021 @ 7:41 AM"
"17","RUNNING
BY JOE MARTIN ON OCTOBER 2, 2021 @ 7:53 AM"
"18","RUNNING
BY JOE MARTIN ON OCTOBER 1, 2021 @ 5:30 AM"
"19","RUNNING
BY JOE MARTIN ON SEPTEMBER 30, 2021 @ 6:26 AM"
"20","RUNNING
BY JOE MARTIN ON SEPTEMBER 29, 2021 @ 5:56 AM"
"21","RUNNING
BY JOE MARTIN ON SEPTEMBER 28, 2021 @ 5:52 PM"
"22","RUNNING
BY JOE MARTIN ON SEPTEMBER 26, 2021 @ 7:34 AM"
"23","RUNNING
BY JOE MARTIN ON SEPTEMBER 25, 2021 @ 7:10 AM"
"24","RUNNING
BY JOE MARTIN ON SEPTEMBER 24, 2021 @ 6:02 AM"
"25","RUNNING
BY JOE MARTIN ON SEPTEMBER 23, 2021 @ 6:36 PM"
"26","RUNNING
BY JOE MARTIN ON SEPTEMBER 21, 2021 @ 6:15 AM"
"27","RUNNING
BY JOE MARTIN ON SEPTEMBER 19, 2021 @ 6:58 AM"
"28","RUNNING
BY JOE MARTIN ON SEPTEMBER 18, 2021 @ 9:46 AM"
"29","RUNNING
BY JOE MARTIN ON SEPTEMBER 17, 2021 @ 6:23 AM"
"30","RUNNING
BY JOE MARTIN ON SEPTEMBER 15, 2021 @ 5:41 PM"
"31","RUNNING
BY JOE MARTIN ON SEPTEMBER 14, 2021 @ 5:53 AM"
"32","RUNNING
BY JOE MARTIN ON SEPTEMBER 12, 2021 @ 7:14 AM"
"33","RUNNING
BY JOE MARTIN ON SEPTEMBER 10, 2021 @ 6:04 AM"
"34","RUNNING
BY JOE MARTIN ON SEPTEMBER 9, 2021 @ 6:37 PM"
"35","RUNNING
BY JOE MARTIN ON SEPTEMBER 8, 2021 @ 6:24 AM"
"36","RUNNING
BY JOE MARTIN ON SEPTEMBER 5, 2021 @ 7:18 AM"
"37","RUNNING
BY JOE MARTIN ON SEPTEMBER 3, 2021 @ 4:24 PM"
"38","RUNNING
BY JOE MARTIN ON SEPTEMBER 2, 2021 @ 6:36 PM"
"39","RUNNING
BY JOE MARTIN ON SEPTEMBER 1, 2021 @ 5:29 AM"
"40","RUNNING
BY JOE MARTIN ON AUGUST 31, 2021 @ 6:21 AM"
"41","RUNNING
BY JOE MARTIN ON AUGUST 29, 2021 @ 6:30 AM"
"42","RUNNING
BY JOE MARTIN ON AUGUST 27, 2021 @ 6:18 AM"
"43","RUNNING
BY JOE MARTIN ON AUGUST 26, 2021 @ 6:22 AM"
"44","RUNNING
BY JOE MARTIN ON AUGUST 25, 2021 @ 6:16 AM"
"45","RUNNING
BY JOE MARTIN ON AUGUST 24, 2021 @ 6:14 AM"
"46","RUNNING
BY JOE MARTIN ON AUGUST 22, 2021 @ 7:54 AM"
"47","RUNNING
BY JOE MARTIN ON AUGUST 21, 2021 @ 9:27 AM"
"48","RUNNING
BY JOE MARTIN ON AUGUST 19, 2021 @ 5:54 AM"
"49","RUNNING
BY JOE MARTIN ON AUGUST 18, 2021 @ 5:55 AM"
"50","RUNNING
BY JOE MARTIN ON AUGUST 16, 2021 @ 6:20 AM"
"51","RUNNING
BY JOE MARTIN ON AUGUST 13, 2021 @ 6:22 AM"
"52","RUNNING
BY JOE MARTIN ON AUGUST 12, 2021 @ 6:37 PM"
"53","RUNNING
BY JOE MARTIN ON AUGUST 11, 2021 @ 6:29 AM"
"54","RUNNING
BY JOE MARTIN ON AUGUST 10, 2021 @ 6:03 AM"
"55","RUNNING
BY JOE MARTIN ON AUGUST 8, 2021 @ 7:16 AM"
"56","RUNNING
BY JOE MARTIN ON AUGUST 7, 2021 @ 9:51 AM"
"57","RUNNING
BY JOE MARTIN ON AUGUST 7, 2021 @ 9:25 AM"
"58","RUNNING
BY JOE MARTIN ON AUGUST 6, 2021 @ 5:54 PM"
"59","RUNNING
BY JOE MARTIN ON AUGUST 5, 2021 @ 6:35 PM"
"60","RUNNING
BY JOE MARTIN ON AUGUST 4, 2021 @ 5:43 AM"
"61","RUNNING
BY JOE MARTIN ON AUGUST 1, 2021 @ 7:52 AM"
"62","RUNNING
BY JOE MARTIN ON JULY 31, 2021 @ 8:10 AM"
"63","RUNNING
BY JOE MARTIN ON JULY 29, 2021 @ 6:37 PM"
"64","RUNNING
BY JOE MARTIN ON JULY 28, 2021 @ 5:34 AM"
"65","RUNNING
BY JOE MARTIN ON JULY 26, 2021 @ 6:55 PM"
"66","RUNNING
BY JOE MARTIN ON JULY 25, 2021 @ 12:03 PM"
"67","RUNNING
BY JOE MARTIN ON JULY 23, 2021 @ 6:22 AM"
"68","RUNNING
BY JOE MARTIN ON JULY 22, 2021 @ 6:19 AM"
"69","RUNNING
BY JOE MARTIN ON JULY 21, 2021 @ 6:05 AM"
"70","RUNNING
BY JOE MARTIN ON JULY 18, 2021 @ 7:10 AM"
"71","RUNNING
BY JOE MARTIN ON JULY 16, 2021 @ 6:25 AM"
"72","RUNNING
BY JOE MARTIN ON JULY 15, 2021 @ 6:42 PM"
"73","RUNNING
BY JOE MARTIN ON JULY 14, 2021 @ 5:53 AM"
"74","RUNNING
BY JOE MARTIN ON JULY 13, 2021 @ 6:21 AM"
"75","RUNNING
BY JOE MARTIN ON JULY 11, 2021 @ 7:04 AM"
"76","RUNNING
BY JOE MARTIN ON JULY 10, 2021 @ 7:12 AM"
"77","RUNNING
BY JOE MARTIN ON JULY 9, 2021 @ 6:53 AM"
"78","RUNNING
BY JOE MARTIN ON JULY 8, 2021 @ 6:36 PM"
"79","RUNNING
BY JOE MARTIN ON JULY 8, 2021 @ 5:40 PM"
"80","RUNNING
BY JOE MARTIN ON JULY 7, 2021 @ 6:33 AM"
"81","RUNNING
BY JOE MARTIN ON JULY 6, 2021 @ 7:02 AM"
"82","RUNNING
BY JOE MARTIN ON JULY 6, 2021 @ 6:25 AM"
"83","RUNNING
BY JOE MARTIN ON JULY 5, 2021 @ 8:23 AM"
"84","RUNNING
BY JOE MARTIN ON JULY 5, 2021 @ 8:23 AM"
"85","RUNNING
BY JOE MARTIN ON JULY 4, 2021 @ 6:34 AM"
"86","RUNNING
BY JOE MARTIN ON JULY 3, 2021 @ 8:05 AM"
"87","RUNNING
BY JOE MARTIN ON JULY 2, 2021 @ 6:01 AM"
"88","RUNNING
BY JOE MARTIN ON JULY 1, 2021 @ 6:36 PM"
"89","RUNNING
BY JOE MARTIN ON JUNE 30, 2021 @ 6:22 AM"
"90","RUNNING
BY JOE MARTIN ON JUNE 29, 2021 @ 5:55 AM"
"91","RUNNING
BY JOE MARTIN ON JUNE 27, 2021 @ 7:25 AM"
"92","RUNNING
BY JOE MARTIN ON JUNE 26, 2021 @ 8:29 AM"
"93","RUNNING
BY JOE MARTIN ON JUNE 25, 2021 @ 6:23 AM"
"94","RUNNING
BY JOE MARTIN ON JUNE 24, 2021 @ 6:38 PM"
"95","RUNNING
BY JOE MARTIN ON JUNE 23, 2021 @ 6:17 AM"
"96","RUNNING
BY JOE MARTIN ON JUNE 22, 2021 @ 6:31 AM"
"97","RUNNING
BY JOE MARTIN ON JUNE 20, 2021 @ 7:46 AM"
"98","RUNNING
BY JOE MARTIN ON JUNE 19, 2021 @ 8:21 AM"
"99","RUNNING
BY JOE MARTIN ON JUNE 18, 2021 @ 6:18 AM"
"100","RUNNING
BY JOE MARTIN ON JUNE 17, 2021 @ 6:05 AM"
"101","RUNNING
BY JOE MARTIN ON JUNE 16, 2021 @ 5:17 PM"
"102","RUNNING
BY JOE MARTIN ON JUNE 16, 2021 @ 6:28 AM"
"103","RUNNING
BY JOE MARTIN ON JUNE 15, 2021 @ 6:05 AM"
"104","RUNNING
BY JOE MARTIN ON JUNE 13, 2021 @ 7:25 AM"
"105","RUNNING
BY JOE MARTIN ON JUNE 12, 2021 @ 9:09 AM"
"106","RUNNING
BY JOE MARTIN ON JUNE 11, 2021 @ 6:19 AM"
"107","RUNNING
BY JOE MARTIN ON JUNE 10, 2021 @ 6:28 AM"
"108","RUNNING
BY JOE MARTIN ON JUNE 9, 2021 @ 5:36 PM"
"109","RUNNING
BY JOE MARTIN ON JUNE 9, 2021 @ 6:32 AM"
"110","RUNNING
BY JOE MARTIN ON JUNE 8, 2021 @ 6:20 AM"
"111","RUNNING
BY JOE MARTIN ON JUNE 6, 2021 @ 7:54 AM"
"112","RUNNING
BY JOE MARTIN ON JUNE 5, 2021 @ 9:11 AM"
"113","RUNNING
BY JOE MARTIN ON JUNE 4, 2021 @ 6:04 AM"
"114","RUNNING
BY JOE MARTIN ON JUNE 3, 2021 @ 6:13 AM"
"115","RUNNING
BY JOE MARTIN ON JUNE 2, 2021 @ 5:11 PM"
"116","RUNNING
BY JOE MARTIN ON JUNE 2, 2021 @ 6:23 AM"
"117","RUNNING
BY JOE MARTIN ON JUNE 1, 2021 @ 6:24 AM"
"118","RUNNING
BY JOE MARTIN ON MAY 31, 2021 @ 9:40 AM"
"119","RUNNING
BY JOE MARTIN ON MAY 30, 2021 @ 7:13 AM"
"120","RUNNING
BY JOE MARTIN ON MAY 29, 2021 @ 8:44 AM"
"121","RUNNING
BY JOE MARTIN ON MAY 28, 2021 @ 6:24 AM"
"122","RUNNING
BY JOE MARTIN ON MAY 27, 2021 @ 6:22 AM"
"123","RUNNING
BY JOE MARTIN ON MAY 26, 2021 @ 6:18 AM"
"124","RUNNING
BY JOE MARTIN ON MAY 25, 2021 @ 6:44 AM"
"125","RUNNING
BY JOE MARTIN ON MAY 24, 2021 @ 6:27 AM"
"126","RUNNING
BY JOE MARTIN ON MAY 21, 2021 @ 6:19 AM"
"127","RUNNING
BY JOE MARTIN ON MAY 20, 2021 @ 6:32 AM"
"128","RUNNING
BY JOE MARTIN ON MAY 19, 2021 @ 6:27 AM"
"129","RUNNING
BY JOE MARTIN ON MAY 18, 2021 @ 6:47 AM"
"130","RUNNING
BY JOE MARTIN ON MAY 17, 2021 @ 5:47 PM"
"131","RUNNING
BY JOE MARTIN ON MAY 15, 2021 @ 6:23 AM"
"132","RUNNING
BY JOE MARTIN ON MAY 14, 2021 @ 5:02 PM"
"133","RUNNING
BY JOE MARTIN ON MAY 13, 2021 @ 6:14 AM"
"134","RUNNING
BY JOE MARTIN ON MAY 12, 2021 @ 6:16 AM"
"135","RUNNING
BY JOE MARTIN ON MAY 11, 2021 @ 7:16 AM"
"136","RUNNING
BY JOE MARTIN ON MAY 9, 2021 @ 7:01 AM"
"137","RUNNING
BY JOE MARTIN ON MAY 8, 2021 @ 9:34 AM"
"138","RUNNING
BY JOE MARTIN ON MAY 7, 2021 @ 5:07 PM"
"139","RUNNING
BY JOE MARTIN ON MAY 6, 2021 @ 6:24 AM"
"140","RUNNING
BY JOE MARTIN ON MAY 5, 2021 @ 5:53 PM"
"141","RUNNING
BY JOE MARTIN ON MAY 5, 2021 @ 6:14 AM"
"142","RUNNING
BY JOE MARTIN ON MAY 4, 2021 @ 6:27 AM"
"143","RUNNING
BY JOE MARTIN ON MAY 2, 2021 @ 7:41 AM"
"144","RUNNING
BY JOE MARTIN ON APRIL 30, 2021 @ 5:51 PM"
"145","RUNNING
BY JOE MARTIN ON APRIL 29, 2021 @ 6:17 AM"
"146","RUNNING
BY JOE MARTIN ON APRIL 28, 2021 @ 5:49 PM"
"147","RUNNING
BY JOE MARTIN ON APRIL 28, 2021 @ 5:49 PM"
"148","RUNNING
BY JOE MARTIN ON APRIL 28, 2021 @ 5:49 PM"
"149","RUNNING
BY JOE MARTIN ON APRIL 28, 2021 @ 5:49 PM"
"150","RUNNING
BY JOE MARTIN ON APRIL 28, 2021 @ 5:49 PM"
"151","RUNNING
BY JOE MARTIN ON APRIL 28, 2021 @ 5:49 PM"
"152","RUNNING
BY JOE MARTIN ON APRIL 28, 2021 @ 5:49 PM"
"153","RUNNING
BY JOE MARTIN ON APRIL 28, 2021 @ 5:49 PM"
"154","RUNNING
BY JOE MARTIN ON APRIL 28, 2021 @ 5:49 PM"
"155","RUNNING
BY JOE MARTIN ON APRIL 28, 2021 @ 5:49 PM"
"156","RUNNING
BY JOE MARTIN ON APRIL 28, 2021 @ 6:39 AM"
"157","RUNNING
BY JOE MARTIN ON APRIL 27, 2021 @ 6:10 AM"
"158","RUNNING
BY JOE MARTIN ON APRIL 26, 2021 @ 6:23 AM"
"159","RUNNING
BY JOE MARTIN ON APRIL 25, 2021 @ 7:24 AM"
"160","RUNNING
BY JOE MARTIN ON APRIL 23, 2021 @ 8:14 AM"
"161","RUNNING
BY JOE MARTIN ON APRIL 22, 2021 @ 7:24 AM"
"162","RUNNING
BY JOE MARTIN ON APRIL 21, 2021 @ 8:11 AM"
"163","RUNNING
BY JOE MARTIN ON APRIL 20, 2021 @ 7:02 AM"
"164","RUNNING
BY JOE MARTIN ON APRIL 18, 2021 @ 7:25 AM"
"165","RUNNING
BY JOE MARTIN ON APRIL 17, 2021 @ 9:19 AM"
"166","RUNNING
BY JOE MARTIN ON APRIL 16, 2021 @ 5:15 PM"
"167","RUNNING
BY JOE MARTIN ON APRIL 15, 2021 @ 6:11 AM"
"168","RUNNING
BY JOE MARTIN ON APRIL 14, 2021 @ 5:43 PM"
"169","RUNNING
BY JOE MARTIN ON APRIL 14, 2021 @ 6:05 AM"
"170","RUNNING
BY JOE MARTIN ON APRIL 13, 2021 @ 6:07 AM"
"171","RUNNING
BY JOE MARTIN ON APRIL 12, 2021 @ 5:33 PM"
"172","RUNNING
BY JOE MARTIN ON APRIL 11, 2021 @ 7:30 AM"
"173","RUNNING
BY JOE MARTIN ON APRIL 10, 2021 @ 9:49 AM"
"174","RUNNING
BY JOE MARTIN ON APRIL 10, 2021 @ 9:27 AM"
"175","RUNNING
BY JOE MARTIN ON APRIL 9, 2021 @ 5:54 AM"
"176","RUNNING
BY JOE MARTIN ON APRIL 8, 2021 @ 6:04 AM"
"177","RUNNING
BY JOE MARTIN ON APRIL 7, 2021 @ 5:35 PM"
"178","RUNNING
BY JOE MARTIN ON APRIL 7, 2021 @ 6:25 AM"
"179","RUNNING
BY JOE MARTIN ON APRIL 6, 2021 @ 6:07 AM"
"180","RUNNING
BY JOE MARTIN ON APRIL 5, 2021 @ 5:40 PM"
"181","RUNNING
BY JOE MARTIN ON APRIL 3, 2021 @ 7:22 AM"
"182","RUNNING
BY JOE MARTIN ON APRIL 2, 2021 @ 5:46 PM"
"183","RUNNING
BY JOE MARTIN ON APRIL 2, 2021 @ 6:22 AM"
"184","RUNNING
BY JOE MARTIN ON APRIL 1, 2021 @ 6:29 AM"
"185","RUNNING
BY JOE MARTIN ON MARCH 31, 2021 @ 6:03 AM"
"186","RUNNING
BY JOE MARTIN ON MARCH 30, 2021 @ 6:23 AM"
"187","RUNNING
BY JOE MARTIN ON MARCH 29, 2021 @ 5:32 AM"
"188","RUNNING
BY JOE MARTIN ON MARCH 28, 2021 @ 7:03 AM"
"189","RUNNING
BY JOE MARTIN ON MARCH 27, 2021 @ 9:39 AM"
"190","RUNNING
BY JOE MARTIN ON MARCH 26, 2021 @ 5:45 PM"
"191","RUNNING
BY JOE MARTIN ON MARCH 25, 2021 @ 6:27 AM"
"192","RUNNING
BY JOE MARTIN ON MARCH 24, 2021 @ 6:38 AM"
"193","RUNNING
BY JOE MARTIN ON MARCH 23, 2021 @ 6:22 AM"
"194","RUNNING
BY JOE MARTIN ON MARCH 22, 2021 @ 6:55 AM"
"195","RUNNING
BY JOE MARTIN ON MARCH 21, 2021 @ 7:56 AM"
"196","RUNNING
BY JOE MARTIN ON MARCH 20, 2021 @ 7:58 AM"
"197","RUNNING
BY JOE MARTIN ON MARCH 15, 2021 @ 5:46 PM"
"198","RUNNING
BY JOE MARTIN ON MARCH 13, 2021 @ 7:01 AM"
"199","RUNNING
BY JOE MARTIN ON MARCH 12, 2021 @ 5:05 PM"
"200","RUNNING
BY JOE MARTIN ON MARCH 12, 2021 @ 6:37 AM"
"201","RUNNING
BY JOE MARTIN ON MARCH 11, 2021 @ 6:29 AM"
"202","RUNNING
BY JOE MARTIN ON MARCH 10, 2021 @ 5:06 PM"
"203","RUNNING
BY JOE MARTIN ON MARCH 10, 2021 @ 6:33 AM"
"204","RUNNING
BY JOE MARTIN ON MARCH 9, 2021 @ 6:32 AM"
"205","RUNNING
BY JOE MARTIN ON MARCH 7, 2021 @ 8:10 AM"
"206","RUNNING
BY JOE MARTIN ON MARCH 6, 2021 @ 9:48 AM"
"207","RUNNING
BY JOE MARTIN ON MARCH 5, 2021 @ 4:44 PM"
"208","RUNNING
BY JOE MARTIN ON MARCH 4, 2021 @ 6:10 AM"
"209","RUNNING
BY JOE MARTIN ON MARCH 3, 2021 @ 6:46 AM"
"210","RUNNING
BY JOE MARTIN ON MARCH 2, 2021 @ 6:39 AM"
"211","RUNNING
BY JOE MARTIN ON FEBRUARY 28, 2021 @ 8:07 AM"
"212","RUNNING
BY JOE MARTIN ON FEBRUARY 27, 2021 @ 10:23 AM"
"213","RUNNING
BY JOE MARTIN ON FEBRUARY 26, 2021 @ 5:02 PM"
"214","RUNNING
BY JOE MARTIN ON FEBRUARY 25, 2021 @ 6:25 AM"
"215","RUNNING
BY JOE MARTIN ON FEBRUARY 24, 2021 @ 5:41 PM"
"216","RUNNING
BY JOE MARTIN ON FEBRUARY 23, 2021 @ 6:40 AM"
"217","RUNNING
BY JOE MARTIN ON FEBRUARY 21, 2021 @ 7:31 AM"
"218","RUNNING
BY JOE MARTIN ON FEBRUARY 20, 2021 @ 8:28 AM"
"219","RUNNING
BY JOE MARTIN ON FEBRUARY 19, 2021 @ 6:43 AM"
"220","RUNNING
BY JOE MARTIN ON FEBRUARY 18, 2021 @ 7:14 AM"
"221","RUNNING
BY JOE MARTIN ON FEBRUARY 17, 2021 @ 6:45 AM"
"222","RUNNING
BY JOE MARTIN ON FEBRUARY 16, 2021 @ 6:51 AM"
"223","RUNNING
BY JOE MARTIN ON FEBRUARY 14, 2021 @ 7:24 AM"
"224","RUNNING
BY JOE MARTIN ON FEBRUARY 13, 2021 @ 8:50 AM"
"225","RUNNING
BY JOE MARTIN ON FEBRUARY 12, 2021 @ 6:44 AM"
"226","RUNNING
BY JOE MARTIN ON FEBRUARY 11, 2021 @ 6:37 AM"
"227","RUNNING
BY JOE MARTIN ON FEBRUARY 10, 2021 @ 6:36 AM"
"228","RUNNING
BY JOE MARTIN ON FEBRUARY 9, 2021 @ 6:25 AM"
"229","RUNNING
BY JOE MARTIN ON FEBRUARY 7, 2021 @ 8:24 AM"
"230","RUNNING
BY JOE MARTIN ON FEBRUARY 6, 2021 @ 8:45 AM"
"231","RUNNING
BY JOE MARTIN ON FEBRUARY 5, 2021 @ 4:54 PM"
"232","RUNNING
BY JOE MARTIN ON FEBRUARY 4, 2021 @ 6:34 AM"
"233","RUNNING
BY JOE MARTIN ON FEBRUARY 3, 2021 @ 6:38 AM"
"234","RUNNING
BY JOE MARTIN ON FEBRUARY 2, 2021 @ 6:46 AM"
"235","RUNNING
BY JOE MARTIN ON JANUARY 31, 2021 @ 12:06 PM"
"236","RUNNING
BY JOE MARTIN ON JANUARY 29, 2021 @ 4:39 PM"
"237","RUNNING
BY JOE MARTIN ON JANUARY 28, 2021 @ 5:37 PM"
"238","RUNNING
BY JOE MARTIN ON JANUARY 27, 2021 @ 5:48 PM"
"239","RUNNING
BY JOE MARTIN ON JANUARY 26, 2021 @ 4:28 PM"
"240","RUNNING
BY JOE MARTIN ON JANUARY 24, 2021 @ 8:47 AM"
"241","RUNNING
BY JOE MARTIN ON JANUARY 23, 2021 @ 8:25 AM"
"242","RUNNING
BY JOE MARTIN ON JANUARY 22, 2021 @ 7:18 AM"
"243","RUNNING
BY JOE MARTIN ON JANUARY 21, 2021 @ 6:52 AM"
"244","RUNNING
BY JOE MARTIN ON JANUARY 20, 2021 @ 6:23 AM"
"245","RUNNING
BY JOE MARTIN ON JANUARY 19, 2021 @ 6:32 AM"
"246","RUNNING
BY JOE MARTIN ON JANUARY 17, 2021 @ 7:59 AM"
"247","RUNNING
BY JOE MARTIN ON JANUARY 16, 2021 @ 7:37 AM"
"248","RUNNING
BY JOE MARTIN ON JANUARY 15, 2021 @ 6:53 AM"
"249","RUNNING
BY JOE MARTIN ON JANUARY 14, 2021 @ 6:31 AM"
"250","RUNNING
BY JOE MARTIN ON JANUARY 13, 2021 @ 5:53 AM"
"251","RUNNING
BY JOE MARTIN ON JANUARY 12, 2021 @ 6:29 AM"
"252","RUNNING
BY JOE MARTIN ON JANUARY 10, 2021 @ 10:03 AM"
"253","RUNNING
BY JOE MARTIN ON JANUARY 9, 2021 @ 8:48 AM"
"254","RUNNING
BY JOE MARTIN ON JANUARY 8, 2021 @ 5:09 PM"
"255","RUNNING
BY JOE MARTIN ON JANUARY 7, 2021 @ 6:33 AM"
"256","RUNNING
BY JOE MARTIN ON JANUARY 6, 2021 @ 6:22 AM"
"257","RUNNING
BY JOE MARTIN ON JANUARY 5, 2021 @ 6:46 AM"
"258","RUNNING
BY JOE MARTIN ON JANUARY 4, 2021 @ 6:12 AM"
"259","RUNNING
BY JOE MARTIN ON JANUARY 2, 2021 @ 7:58 AM"
"260","RUNNING
BY JOE MARTIN ON DECEMBER 31, 2020 @ 7:14 AM"
"261","RUNNING
BY JOE MARTIN ON DECEMBER 30, 2020 @ 9:53 AM"
"262","RUNNING
BY JOE MARTIN ON DECEMBER 29, 2020 @ 9:13 AM"
"263","RUNNING
BY JOE MARTIN ON DECEMBER 28, 2020 @ 9:25 AM"
"264","RUNNING
BY JOE MARTIN ON DECEMBER 23, 2020 @ 6:45 AM"
"265","RUNNING
BY JOE MARTIN ON DECEMBER 22, 2020 @ 7:16 AM"
"266","RUNNING
BY JOE MARTIN ON DECEMBER 20, 2020 @ 7:57 AM"
"267","RUNNING
BY JOE MARTIN ON DECEMBER 18, 2020 @ 7:15 AM"
"268","RUNNING
BY JOE MARTIN ON DECEMBER 17, 2020 @ 6:30 AM"
"269","RUNNING
BY JOE MARTIN ON DECEMBER 16, 2020 @ 6:44 AM"
"270","RUNNING
BY JOE MARTIN ON DECEMBER 15, 2020 @ 6:22 AM"
"271","RUNNING
BY JOE MARTIN ON DECEMBER 13, 2020 @ 7:24 AM"
"272","RUNNING
BY JOE MARTIN ON DECEMBER 11, 2020 @ 6:59 AM"
"273","RUNNING
BY JOE MARTIN ON DECEMBER 10, 2020 @ 6:34 AM"
"274","RUNNING
BY JOE MARTIN ON DECEMBER 9, 2020 @ 6:22 AM"
"275","RUNNING
BY JOE MARTIN ON DECEMBER 8, 2020 @ 6:34 AM"
"276","RUNNING
BY JOE MARTIN ON DECEMBER 6, 2020 @ 7:52 AM"
"277","RUNNING
BY JOE MARTIN ON DECEMBER 3, 2020 @ 6:59 AM"
"278","RUNNING
BY JOE MARTIN ON DECEMBER 2, 2020 @ 6:32 AM"
"279","RUNNING
BY JOE MARTIN ON DECEMBER 1, 2020 @ 6:23 AM"
"280","RUNNING
BY JOE MARTIN ON NOVEMBER 29, 2020 @ 7:18 AM"
"281","RUNNING
BY JOE MARTIN ON NOVEMBER 28, 2020 @ 9:05 AM"
"282","RUNNING
BY JOE MARTIN ON NOVEMBER 27, 2020 @ 7:37 AM"
"283","RUNNING
BY JOE MARTIN ON NOVEMBER 25, 2020 @ 7:27 AM"
"284","RUNNING
BY JOE MARTIN ON NOVEMBER 24, 2020 @ 7:27 AM"
"285","RUNNING
BY JOE MARTIN ON NOVEMBER 24, 2020 @ 6:53 AM"
"286","RUNNING
BY JOE MARTIN ON NOVEMBER 24, 2020 @ 6:30 AM"
"287","RUNNING
BY JOE MARTIN ON NOVEMBER 22, 2020 @ 9:22 AM"
"288","RUNNING
BY JOE MARTIN ON NOVEMBER 20, 2020 @ 4:41 PM"
"289","RUNNING
BY JOE MARTIN ON NOVEMBER 19, 2020 @ 5:39 PM"
"290","RUNNING
BY JOE MARTIN ON NOVEMBER 18, 2020 @ 5:50 PM"
"291","RUNNING
BY JOE MARTIN ON NOVEMBER 17, 2020 @ 5:04 PM"
"292","RUNNING
BY JOE MARTIN ON NOVEMBER 15, 2020 @ 8:33 AM"
"293","RUNNING
BY JOE MARTIN ON NOVEMBER 13, 2020 @ 5:12 PM"
"294","RUNNING
BY JOE MARTIN ON NOVEMBER 12, 2020 @ 5:31 PM"
"295","RUNNING
BY JOE MARTIN ON NOVEMBER 10, 2020 @ 4:11 PM"
"296","RUNNING
BY JOE MARTIN ON NOVEMBER 10, 2020 @ 4:11 PM"
"297","RUNNING
BY JOE MARTIN ON NOVEMBER 9, 2020 @ 5:33 PM"
"298","RUNNING
BY JOE MARTIN ON NOVEMBER 8, 2020 @ 6:58 AM"
"299","RUNNING
BY JOE MARTIN ON NOVEMBER 6, 2020 @ 4:56 PM"
"300","RUNNING
BY JOE MARTIN ON NOVEMBER 5, 2020 @ 5:05 PM"
"301","RUNNING
BY JOE MARTIN ON NOVEMBER 4, 2020 @ 5:48 PM"
"302","RUNNING
BY JOE MARTIN ON NOVEMBER 3, 2020 @ 6:10 AM"
"303","RUNNING
BY JOE MARTIN ON NOVEMBER 1, 2020 @ 3:21 PM"
"304","RUNNING
BY JOE MARTIN ON OCTOBER 30, 2020 @ 6:31 AM"
"305","RUNNING
BY JOE MARTIN ON OCTOBER 29, 2020 @ 12:45 PM"
"306","RUNNING
BY JOE MARTIN ON OCTOBER 27, 2020 @ 6:21 AM"
"307","RUNNING
BY JOE MARTIN ON OCTOBER 27, 2020 @ 5:48 AM"
"308","RUNNING
BY JOE MARTIN ON OCTOBER 25, 2020 @ 1:29 PM"
"309","RUNNING
BY JOE MARTIN ON OCTOBER 23, 2020 @ 6:38 AM"
"310","RUNNING
BY JOE MARTIN ON OCTOBER 22, 2020 @ 6:24 AM"
"311","RUNNING
BY JOE MARTIN ON OCTOBER 20, 2020 @ 6:32 AM"
"312","RUNNING
BY JOE MARTIN ON OCTOBER 18, 2020 @ 11:21 AM"
"313","RUNNING
BY JOE MARTIN ON OCTOBER 18, 2020 @ 9:01 AM"
"314","RUNNING
BY JOE MARTIN ON OCTOBER 15, 2020 @ 6:29 AM"
"315","RUNNING
BY JOE MARTIN ON OCTOBER 14, 2020 @ 5:33 AM"
"316","RUNNING
BY JOE MARTIN ON OCTOBER 13, 2020 @ 6:33 AM"
"317","RUNNING
BY JOE MARTIN ON OCTOBER 11, 2020 @ 7:12 AM"
"318","RUNNING
BY JOE MARTIN ON OCTOBER 9, 2020 @ 6:36 AM"
"319","RUNNING
BY JOE MARTIN ON OCTOBER 8, 2020 @ 6:57 AM"
"320","RUNNING
BY JOE MARTIN ON OCTOBER 7, 2020 @ 6:24 AM"
"321","RUNNING
BY JOE MARTIN ON OCTOBER 6, 2020 @ 7:10 AM"
"322","RUNNING
BY JOE MARTIN ON OCTOBER 5, 2020 @ 4:34 PM"
"323","RUNNING
BY JOE MARTIN ON SEPTEMBER 29, 2020 @ 6:36 AM"
"324","RUNNING
BY JOE MARTIN ON SEPTEMBER 28, 2020 @ 7:02 AM"
"325","RUNNING
BY JOE MARTIN ON SEPTEMBER 24, 2020 @ 6:42 AM"
"326","RUNNING
BY JOE MARTIN ON SEPTEMBER 23, 2020 @ 6:48 AM"
"327","RUNNING
BY JOE MARTIN ON SEPTEMBER 22, 2020 @ 7:07 AM"
"328","RUNNING
BY JOE MARTIN ON SEPTEMBER 20, 2020 @ 6:59 AM"
"329","RUNNING
BY JOE MARTIN ON SEPTEMBER 18, 2020 @ 7:02 AM"
"330","RUNNING
BY JOE MARTIN ON SEPTEMBER 16, 2020 @ 6:33 AM"
"331","RUNNING
BY JOE MARTIN ON SEPTEMBER 14, 2020 @ 6:59 AM"
"332","RUNNING
BY JOE MARTIN ON SEPTEMBER 11, 2020 @ 6:48 AM"
"333","RUNNING
BY JOE MARTIN ON SEPTEMBER 10, 2020 @ 6:19 AM"
"334","RUNNING
BY JOE MARTIN ON SEPTEMBER 9, 2020 @ 6:25 AM"
"335","RUNNING
BY JOE MARTIN ON SEPTEMBER 8, 2020 @ 6:11 AM"
"336","RUNNING
BY JOE MARTIN ON SEPTEMBER 6, 2020 @ 6:44 AM"
"337","RUNNING
BY JOE MARTIN ON SEPTEMBER 4, 2020 @ 7:15 AM"
"338","RUNNING
BY JOE MARTIN ON SEPTEMBER 2, 2020 @ 6:50 AM"
"339","RUNNING
BY JOE MARTIN ON SEPTEMBER 1, 2020 @ 6:20 AM"
"340","RUNNING
BY JOE MARTIN ON AUGUST 30, 2020 @ 6:43 AM"
"341","RUNNING
BY JOE MARTIN ON AUGUST 28, 2020 @ 6:40 AM"
"342","RUNNING
BY JOE MARTIN ON AUGUST 27, 2020 @ 6:21 AM"
"343","RUNNING
BY JOE MARTIN ON AUGUST 26, 2020 @ 6:10 AM"
"344","RUNNING
BY JOE MARTIN ON AUGUST 25, 2020 @ 6:28 AM"
"345","RUNNING
BY JOE MARTIN ON AUGUST 23, 2020 @ 7:12 AM"
"346","RUNNING
BY JOE MARTIN ON AUGUST 22, 2020 @ 7:11 AM"
"347","RUNNING
BY JOE MARTIN ON AUGUST 21, 2020 @ 6:19 AM"
"348","RUNNING
BY JOE MARTIN ON AUGUST 20, 2020 @ 6:15 AM"
"349","RUNNING
BY JOE MARTIN ON AUGUST 19, 2020 @ 6:36 AM"
"350","RUNNING
BY JOE MARTIN ON AUGUST 18, 2020 @ 6:02 AM"
"351","RUNNING
BY JOE MARTIN ON AUGUST 16, 2020 @ 6:36 AM"
"352","RUNNING
BY JOE MARTIN ON AUGUST 14, 2020 @ 6:43 AM"
"353","RUNNING
BY JOE MARTIN ON AUGUST 13, 2020 @ 5:59 AM"
"354","RUNNING
BY JOE MARTIN ON AUGUST 12, 2020 @ 6:01 AM"
"355","RUNNING
BY JOE MARTIN ON AUGUST 11, 2020 @ 6:14 AM"
"356","RUNNING
BY JOE MARTIN ON AUGUST 9, 2020 @ 6:59 AM"
"357","RUNNING
BY JOE MARTIN ON AUGUST 8, 2020 @ 7:52 AM"
"358","RUNNING
BY JOE MARTIN ON AUGUST 7, 2020 @ 6:32 AM"
"359","RUNNING
BY JOE MARTIN ON AUGUST 6, 2020 @ 6:38 AM"
"360","RUNNING
BY JOE MARTIN ON AUGUST 5, 2020 @ 6:34 AM"
"361","RUNNING
BY JOE MARTIN ON AUGUST 4, 2020 @ 6:28 AM"
"362","RUNNING
BY JOE MARTIN ON JULY 31, 2020 @ 5:27 PM"
"363","RUNNING
BY JOE MARTIN ON JULY 30, 2020 @ 6:54 AM"
"364","RUNNING
BY JOE MARTIN ON JULY 29, 2020 @ 6:34 AM"
"365","RUNNING
BY JOE MARTIN ON JULY 28, 2020 @ 6:36 AM"
"366","RUNNING
BY JOE MARTIN ON JULY 26, 2020 @ 6:55 AM"
"367","RUNNING
BY JOE MARTIN ON JULY 25, 2020 @ 7:22 AM"
"368","RUNNING
BY JOE MARTIN ON JULY 24, 2020 @ 6:28 AM"
"369","RUNNING
BY JOE MARTIN ON JULY 23, 2020 @ 6:25 AM"
"370","RUNNING
BY JOE MARTIN ON JULY 22, 2020 @ 6:47 AM"
"371","RUNNING
BY JOE MARTIN ON JULY 19, 2020 @ 7:37 AM"
"372","RUNNING
BY JOE MARTIN ON JULY 18, 2020 @ 9:38 AM"
"373","RUNNING
BY JOE MARTIN ON JULY 17, 2020 @ 5:07 PM"
"374","RUNNING
BY JOE MARTIN ON JULY 15, 2020 @ 5:19 PM"
"375","RUNNING
BY JOE MARTIN ON JULY 14, 2020 @ 5:10 PM"
"376","RUNNING
BY JOE MARTIN ON JULY 13, 2020 @ 5:06 PM"
"377","RUNNING
BY JOE MARTIN ON JULY 12, 2020 @ 7:03 AM"
"378","RUNNING
BY JOE MARTIN ON JULY 10, 2020 @ 6:29 AM"
"379","RUNNING
BY JOE MARTIN ON JULY 9, 2020 @ 6:36 AM"
"380","RUNNING
BY JOE MARTIN ON JULY 8, 2020 @ 6:29 AM"
"381","RUNNING
BY JOE MARTIN ON JULY 7, 2020 @ 6:33 AM"
"382","RUNNING
BY JOE MARTIN ON JULY 5, 2020 @ 7:09 AM"
"383","RUNNING
BY JOE MARTIN ON JULY 3, 2020 @ 6:58 AM"
"384","RUNNING
BY JOE MARTIN ON JULY 2, 2020 @ 7:46 AM"
"385","RUNNING
BY JOE MARTIN ON JULY 1, 2020 @ 6:33 AM"
"386","RUNNING
BY JOE MARTIN ON JUNE 30, 2020 @ 6:47 AM"
"387","RUNNING
BY JOE MARTIN ON JUNE 28, 2020 @ 7:06 AM"
"388","RUNNING
BY JOE MARTIN ON JUNE 26, 2020 @ 7:01 AM"
"389","RUNNING
BY JOE MARTIN ON JUNE 25, 2020 @ 5:49 PM"
"390","RUNNING
BY JOE MARTIN ON JUNE 24, 2020 @ 5:56 AM"
"391","RUNNING
BY JOE MARTIN ON JUNE 23, 2020 @ 6:42 AM"
"392","RUNNING
BY JOE MARTIN ON JUNE 21, 2020 @ 6:37 AM"
"393","RUNNING
BY JOE MARTIN ON JUNE 19, 2020 @ 6:27 AM"
"394","RUNNING
BY JOE MARTIN ON JUNE 18, 2020 @ 6:44 AM"
"395","RUNNING
BY JOE MARTIN ON JUNE 16, 2020 @ 6:28 AM"
"396","RUNNING
BY JOE MARTIN ON JUNE 14, 2020 @ 6:52 AM"
"397","RUNNING
BY JOE MARTIN ON JUNE 12, 2020 @ 6:36 AM"
"398","RUNNING
BY JOE MARTIN ON JUNE 11, 2020 @ 6:59 AM"
"399","RUNNING
BY JOE MARTIN ON JUNE 10, 2020 @ 6:56 AM"
"400","RUNNING
BY JOE MARTIN ON JUNE 9, 2020 @ 5:11 PM"
"401","RUNNING
BY JOE MARTIN ON JUNE 9, 2020 @ 6:50 AM"
"402","RUNNING
BY JOE MARTIN ON JUNE 7, 2020 @ 6:50 AM"
"403","RUNNING
BY JOE MARTIN ON JUNE 5, 2020 @ 6:44 AM"
"404","RUNNING
BY JOE MARTIN ON JUNE 4, 2020 @ 7:03 AM"
"405","RUNNING
BY JOE MARTIN ON JUNE 2, 2020 @ 6:45 AM"
"406","RUNNING
BY JOE MARTIN ON JUNE 1, 2020 @ 6:46 AM"
"407","RUNNING
BY JOE MARTIN ON MAY 31, 2020 @ 7:34 AM"
"408","RUNNING
BY JOE MARTIN ON MAY 29, 2020 @ 7:12 AM"
"409","RUNNING
BY JOE MARTIN ON MAY 28, 2020 @ 6:53 AM"
"410","RUNNING
BY JOE MARTIN ON MAY 27, 2020 @ 6:42 AM"
"411","RUNNING
BY JOE MARTIN ON MAY 26, 2020 @ 6:59 AM"
"412","RUNNING
BY JOE MARTIN ON MAY 24, 2020 @ 7:06 AM"
"413","RUNNING
BY JOE MARTIN ON MAY 23, 2020 @ 9:32 AM"
"414","RUNNING
BY JOE MARTIN ON MAY 22, 2020 @ 6:33 AM"
"415","RUNNING
BY JOE MARTIN ON MAY 21, 2020 @ 6:45 AM"
"416","RUNNING
BY JOE MARTIN ON MAY 20, 2020 @ 2:05 PM"
"417","RUNNING
BY JOE MARTIN ON MAY 19, 2020 @ 4:27 PM"
"418","RUNNING
BY JOE MARTIN ON MAY 19, 2020 @ 7:05 AM"
"419","RUNNING
BY JOE MARTIN ON MAY 17, 2020 @ 6:56 AM"
"420","RUNNING
BY JOE MARTIN ON MAY 16, 2020 @ 9:42 AM"
"421","RUNNING
BY JOE MARTIN ON MAY 15, 2020 @ 6:45 AM"
"422","RUNNING
BY JOE MARTIN ON MAY 13, 2020 @ 6:23 AM"
"423","RUNNING
BY JOE MARTIN ON MAY 12, 2020 @ 6:34 AM"
"424","RUNNING
BY JOE MARTIN ON MAY 11, 2020 @ 6:24 AM"
"425","RUNNING
BY JOE MARTIN ON MAY 9, 2020 @ 7:08 AM"
"426","RUNNING
BY JOE MARTIN ON MAY 8, 2020 @ 6:32 AM"
"427","RUNNING
BY JOE MARTIN ON MAY 7, 2020 @ 6:45 AM"
"428","RUNNING
BY JOE MARTIN ON MAY 6, 2020 @ 6:22 AM"
"429","RUNNING
BY JOE MARTIN ON MAY 5, 2020 @ 6:47 AM"
"430","RUNNING
BY JOE MARTIN ON MAY 3, 2020 @ 7:03 AM"
"431","RUNNING
BY JOE MARTIN ON MAY 2, 2020 @ 10:52 AM"
"432","RUNNING
BY JOE MARTIN ON MAY 1, 2020 @ 6:29 AM"
"433","RUNNING
BY JOE MARTIN ON APRIL 30, 2020 @ 6:41 AM"
"434","RUNNING
BY JOE MARTIN ON APRIL 29, 2020 @ 6:38 AM"
"435","RUNNING
BY JOE MARTIN ON APRIL 28, 2020 @ 6:30 PM"
"436","RUNNING
BY JOE MARTIN ON APRIL 28, 2020 @ 6:57 AM"
"437","RUNNING
BY JOE MARTIN ON APRIL 16, 2020 @ 5:59 AM"
"438","RUNNING
BY JOE MARTIN ON APRIL 16, 2020 @ 5:59 AM"
